var2,tag,n,var_tot,tag_pc
2016-01,can,136,969,14.04
2016-01,energydrink,4,969,0.41
2016-01,paper,2,969,0.21
2016-01,beer,26,969,2.68
2016-01,redbull,39,969,4.02
2016-01,plastic,29,969,2.99
2016-01,mcdonalds,7,969,0.72
2016-02,paper,1,877,0.11
2016-02,plastic,33,877,3.76
2016-02,metal,1,877,0.11
2016-02,mcdonalds,5,877,0.57
2016-02,can,113,877,12.88
2016-02,redbull,25,877,2.85
2016-02,beer,29,877,3.31
2016-02,antaflu,1,877,0.11
2016-03,paper,15,1972,0.76
2016-03,metal,3,1972,0.15
2016-03,bag,3,1972,0.15
2016-03,plastic,124,1972,6.29
2016-03,antaflu,1,1972,0.05
2016-03,candy,1,1972,0.05
2016-03,beer,32,1972,1.62
2016-03,can,242,1972,12.27
2016-03,mcdonalds,20,1972,1.01
2016-03,redbull,38,1972,1.93
2016-04,cup,10,1657,0.6
2016-04,metal,2,1657,0.12
2016-04,antaflu,1,1657,0.06
2016-04,can,196,1657,11.83
2016-04,plastic,181,1657,10.92
2016-04,cigarette,1,1657,0.06
2016-04,energydrink,2,1657,0.12
2016-04,mcdonalds,26,1657,1.57
2016-04,paper,6,1657,0.36
2016-04,redbull,40,1657,2.41
2016-04,bottle,1,1657,0.06
2016-05,cup,35,1921,1.82
2016-05,candy,1,1921,0.05
2016-05,plastic,236,1921,12.29
2016-05,bottle,33,1921,1.72
2016-05,antaflu,1,1921,0.05
2016-05,mcdonalds,39,1921,2.03
2016-05,metal,5,1921,0.26
2016-05,redbull,40,1921,2.08
2016-05,bag,9,1921,0.47
2016-05,paper,30,1921,1.56
2016-05,can,257,1921,13.38
2016-05,aluminum,2,1921,0.1
2016-05,wrapper,41,1921,2.13
2016-05,beer,18,1921,0.94
2016-05,cigarette,61,1921,3.18
2016-06,mcdonalds,14,669,2.09
2016-06,metal,19,669,2.84
2016-06,bag,7,669,1.05
2016-06,paper,21,669,3.14
2016-06,energydrink,30,669,4.48
2016-06,can,58,669,8.67
2016-06,cigarette,27,669,4.04
2016-06,beer,3,669,0.45
2016-06,wrapper,27,669,4.04
2016-06,plastic,132,669,19.73
2016-06,redbull,11,669,1.64
2016-06,bottle,21,669,3.14
2016-06,cup,9,669,1.35
2016-07,metal,5,3381,0.15
2016-07,redbull,32,3381,0.95
2016-07,antaflu,4,3381,0.12
2016-07,aluminum,16,3381,0.47
2016-07,can,357,3381,10.56
2016-07,bottle,71,3381,2.1
2016-07,cup,52,3381,1.54
2016-07,wrapper,65,3381,1.92
2016-07,mcdonalds,16,3381,0.47
2016-07,paper,94,3381,2.78
2016-07,beer,155,3381,4.58
2016-07,energydrink,122,3381,3.61
2016-07,bag,65,3381,1.92
2016-07,candy,1,3381,0.03
2016-07,plastic,862,3381,25.5
2016-07,cigarette,46,3381,1.36
2016-08,aluminum,278,19700,1.41
2016-08,bag,447,19700,2.27
2016-08,cigarette,592,19700,3.01
2016-08,can,737,19700,3.74
2016-08,energydrink,305,19700,1.55
2016-08,candy,593,19700,3.01
2016-08,antaflu,86,19700,0.44
2016-08,mcdonalds,189,19700,0.96
2016-08,beer,336,19700,1.71
2016-08,redbull,117,19700,0.59
2016-08,firework,3,19700,0.02
2016-08,piece,699,19700,3.55
2016-08,wrapper,953,19700,4.84
2016-08,cup,291,19700,1.48
2016-08,bottle,341,19700,1.73
2016-08,plastic,4209,19700,21.37
2016-08,metal,635,19700,3.22
2016-08,paper,664,19700,3.37
2016-09,redbull,190,30022,0.63
2016-09,mcdonalds,234,30022,0.78
2016-09,paper,1504,30022,5.01
2016-09,energydrink,489,30022,1.63
2016-09,cup,545,30022,1.82
2016-09,cigarette,727,30022,2.42
2016-09,antaflu,93,30022,0.31
2016-09,aluminum,199,30022,0.66
2016-09,bottle,615,30022,2.05
2016-09,metal,1166,30022,3.88
2016-09,beer,506,30022,1.69
2016-09,wrapper,2227,30022,7.42
2016-09,candy,869,30022,2.89
2016-09,piece,1975,30022,6.58
2016-09,plastic,6074,30022,20.23
2016-09,bag,814,30022,2.71
2016-09,can,1027,30022,3.42
2016-10,beer,718,31827,2.26
2016-10,plastic,6733,31827,21.15
2016-10,energydrink,669,31827,2.1
2016-10,redbull,213,31827,0.67
2016-10,metal,1579,31827,4.96
2016-10,cigarette,510,31827,1.6
2016-10,wrapper,2037,31827,6.4
2016-10,aluminum,245,31827,0.77
2016-10,bottle,834,31827,2.62
2016-10,drink,1,31827,0
2016-10,can,1541,31827,4.84
2016-10,candy,815,31827,2.56
2016-10,paper,1084,31827,3.41
2016-10,cup,422,31827,1.33
2016-10,antaflu,77,31827,0.24
2016-10,piece,1109,31827,3.48
2016-10,mcdonalds,411,31827,1.29
2016-10,bag,1032,31827,3.24
2016-11,firework,16,32850,0.05
2016-11,plastic,6678,32850,20.33
2016-11,antaflu,114,32850,0.35
2016-11,mcdonalds,208,32850,0.63
2016-11,piece,1651,32850,5.03
2016-11,redbull,248,32850,0.75
2016-11,metal,1614,32850,4.91
2016-11,aluminum,203,32850,0.62
2016-11,cup,361,32850,1.1
2016-11,wrapper,2029,32850,6.18
2016-11,can,1729,32850,5.26
2016-11,energydrink,688,32850,2.09
2016-11,cigarette,423,32850,1.29
2016-11,drink,5,32850,0.02
2016-11,bag,1034,32850,3.15
2016-11,paper,1354,32850,4.12
2016-11,candy,978,32850,2.98
2016-11,beer,802,32850,2.44
2016-11,bottle,798,32850,2.43
2016-12,cup,145,15488,0.94
2016-12,aluminum,97,15488,0.63
2016-12,piece,779,15488,5.03
2016-12,can,1006,15488,6.5
2016-12,drink,10,15488,0.06
2016-12,redbull,142,15488,0.92
2016-12,cigarette,230,15488,1.49
2016-12,paper,642,15488,4.15
2016-12,beer,523,15488,3.38
2016-12,bag,474,15488,3.06
2016-12,energydrink,351,15488,2.27
2016-12,wrapper,846,15488,5.46
2016-12,bottle,488,15488,3.15
2016-12,firework,19,15488,0.12
2016-12,mcdonalds,125,15488,0.81
2016-12,candy,411,15488,2.65
2016-12,plastic,2928,15488,18.9
2016-12,metal,590,15488,3.81
2016-12,antaflu,25,15488,0.16
2017-01,antaflu,3,5390,0.06
2017-01,plastic,728,5390,13.51
2017-01,drink,11,5390,0.2
2017-01,metal,305,5390,5.66
2017-01,piece,7,5390,0.13
2017-01,redbull,72,5390,1.34
2017-01,candy,49,5390,0.91
2017-01,wrapper,55,5390,1.02
2017-01,can,747,5390,13.86
2017-01,aluminum,6,5390,0.11
2017-01,beer,487,5390,9.04
2017-01,energydrink,188,5390,3.49
2017-01,bottle,389,5390,7.22
2017-01,cigarette,66,5390,1.22
2017-01,firework,45,5390,0.83
2017-01,mcdonalds,38,5390,0.71
2017-01,paper,31,5390,0.58
2017-01,bag,35,5390,0.65
2017-01,cup,40,5390,0.74
2017-02,candy,221,6969,3.17
2017-02,drink,11,6969,0.16
2017-02,plastic,1379,6969,19.79
2017-02,can,449,6969,6.44
2017-02,antaflu,21,6969,0.3
2017-02,piece,160,6969,2.3
2017-02,paper,126,6969,1.81
2017-02,metal,386,6969,5.54
2017-02,redbull,49,6969,0.7
2017-02,bottle,306,6969,4.39
2017-02,bag,216,6969,3.1
2017-02,mcdonalds,24,6969,0.34
2017-02,beer,227,6969,3.26
2017-02,energydrink,228,6969,3.27
2017-02,wrapper,335,6969,4.81
2017-02,aluminum,30,6969,0.43
2017-02,cigarette,88,6969,1.26
2017-02,cup,61,6969,0.88
2017-03,can,1018,9572,10.64
2017-03,plastic,1061,9572,11.08
2017-03,drink,22,9572,0.23
2017-03,mcdonalds,63,9572,0.66
2017-03,paper,93,9572,0.97
2017-03,cup,459,9572,4.8
2017-03,antaflu,1,9572,0.01
2017-03,metal,928,9572,9.69
2017-03,bag,22,9572,0.23
2017-03,candy,63,9572,0.66
2017-03,energydrink,521,9572,5.44
2017-03,cigarette,38,9572,0.4
2017-03,bottle,660,9572,6.9
2017-03,wrapper,85,9572,0.89
2017-03,piece,5,9572,0.05
2017-03,aluminum,15,9572,0.16
2017-03,beer,351,9572,3.67
2017-03,redbull,218,9572,2.28
2017-04,paper,276,13013,2.12
2017-04,piece,21,13013,0.16
2017-04,mcdonalds,74,13013,0.57
2017-04,wrapper,207,13013,1.59
2017-04,plastic,1819,13013,13.98
2017-04,candy,167,13013,1.28
2017-04,firework,8,13013,0.06
2017-04,bag,90,13013,0.69
2017-04,metal,1377,13013,10.58
2017-04,antaflu,8,13013,0.06
2017-04,can,1501,13013,11.53
2017-04,beer,488,13013,3.75
2017-04,energydrink,717,13013,5.51
2017-04,drink,17,13013,0.13
2017-04,redbull,322,13013,2.47
2017-04,bottle,706,13013,5.43
2017-04,cigarette,144,13013,1.11
2017-04,cup,122,13013,0.94
2017-04,aluminum,28,13013,0.22
2017-05,drink,31,14038,0.22
2017-05,redbull,331,14038,2.36
2017-05,beer,491,14038,3.5
2017-05,firework,8,14038,0.06
2017-05,paper,574,14038,4.09
2017-05,bag,109,14038,0.78
2017-05,mcdonalds,71,14038,0.51
2017-05,cup,92,14038,0.66
2017-05,metal,1265,14038,9.01
2017-05,can,1504,14038,10.71
2017-05,energydrink,706,14038,5.03
2017-05,aluminum,160,14038,1.14
2017-05,bottle,676,14038,4.82
2017-05,wrapper,183,14038,1.3
2017-05,piece,15,14038,0.11
2017-05,candy,264,14038,1.88
2017-05,antaflu,19,14038,0.14
2017-05,plastic,2259,14038,16.09
2017-05,cigarette,200,14038,1.42
2017-06,cigarette,1818,43744,4.16
2017-06,metal,1768,43744,4.04
2017-06,bag,666,43744,1.52
2017-06,firework,7,43744,0.02
2017-06,redbull,425,43744,0.97
2017-06,aluminum,406,43744,0.93
2017-06,paper,2119,43744,4.84
2017-06,can,2010,43744,4.59
2017-06,plastic,9514,43744,21.75
2017-06,piece,656,43744,1.5
2017-06,antaflu,839,43744,1.92
2017-06,beer,790,43744,1.81
2017-06,energydrink,849,43744,1.94
2017-06,candy,1487,43744,3.4
2017-06,wrapper,2127,43744,4.86
2017-06,drink,132,43744,0.3
2017-06,cup,527,43744,1.2
2017-06,mcdonalds,351,43744,0.8
2017-06,bottle,1031,43744,2.36
2017-07,antaflu,1461,57975,2.52
2017-07,drink,233,57975,0.4
2017-07,energydrink,1009,57975,1.74
2017-07,mcdonalds,154,57975,0.27
2017-07,candy,2355,57975,4.06
2017-07,can,2319,57975,4
2017-07,paper,2401,57975,4.14
2017-07,bag,794,57975,1.37
2017-07,piece,549,57975,0.95
2017-07,cigarette,2072,57975,3.57
2017-07,plastic,13926,57975,24.02
2017-07,aluminum,788,57975,1.36
2017-07,cup,494,57975,0.85
2017-07,metal,2158,57975,3.72
2017-07,beer,953,57975,1.64
2017-07,redbull,537,57975,0.93
2017-07,wrapper,3481,57975,6
2017-07,firework,15,57975,0.03
2017-07,bottle,1152,57975,1.99
2017-08,piece,560,48082,1.16
2017-08,plastic,10319,48082,21.46
2017-08,energydrink,987,48082,2.05
2017-08,mcdonalds,329,48082,0.68
2017-08,can,2655,48082,5.52
2017-08,antaflu,1046,48082,2.18
2017-08,aluminum,505,48082,1.05
2017-08,redbull,541,48082,1.13
2017-08,firework,8,48082,0.02
2017-08,wrapper,2353,48082,4.89
2017-08,drink,121,48082,0.25
2017-08,bottle,981,48082,2.04
2017-08,bag,781,48082,1.62
2017-08,paper,1490,48082,3.1
2017-08,cigarette,1305,48082,2.71
2017-08,beer,947,48082,1.97
2017-08,candy,1487,48082,3.09
2017-08,metal,2217,48082,4.61
2017-08,cup,397,48082,0.83
2017-09,paper,1556,59361,2.62
2017-09,plastic,12539,59361,21.12
2017-09,bag,923,59361,1.55
2017-09,aluminum,380,59361,0.64
2017-09,energydrink,1180,59361,1.99
2017-09,bottle,1244,59361,2.1
2017-09,can,2806,59361,4.73
2017-09,antaflu,1005,59361,1.69
2017-09,beer,1022,59361,1.72
2017-09,metal,2472,59361,4.16
2017-09,mcdonalds,210,59361,0.35
2017-09,piece,538,59361,0.91
2017-09,candy,1633,59361,2.75
2017-09,firework,4,59361,0.01
2017-09,redbull,577,59361,0.97
2017-09,drink,188,59361,0.32
2017-09,cup,558,59361,0.94
2017-09,cigarette,2215,59361,3.73
2017-09,wrapper,2923,59361,4.92
2017-10,bag,711,46369,1.53
2017-10,bottle,1459,46369,3.15
2017-10,antaflu,746,46369,1.61
2017-10,paper,1180,46369,2.54
2017-10,candy,1176,46369,2.54
2017-10,piece,190,46369,0.41
2017-10,can,3072,46369,6.63
2017-10,cup,571,46369,1.23
2017-10,plastic,9683,46369,20.88
2017-10,redbull,663,46369,1.43
2017-10,firework,5,46369,0.01
2017-10,beer,1264,46369,2.73
2017-10,drink,572,46369,1.23
2017-10,cigarette,808,46369,1.74
2017-10,energydrink,1303,46369,2.81
2017-10,metal,2898,46369,6.25
2017-10,aluminum,177,46369,0.38
2017-10,mcdonalds,192,46369,0.41
2017-10,wrapper,1908,46369,4.11
2017-11,mcdonalds,167,32308,0.52
2017-11,cigarette,350,32308,1.08
2017-11,wrapper,1386,32308,4.29
2017-11,redbull,709,32308,2.19
2017-11,plastic,5641,32308,17.46
2017-11,metal,2385,32308,7.38
2017-11,cup,490,32308,1.52
2017-11,paper,658,32308,2.04
2017-11,antaflu,645,32308,2
2017-11,bottle,1106,32308,3.42
2017-11,firework,20,32308,0.06
2017-11,drink,389,32308,1.2
2017-11,piece,124,32308,0.38
2017-11,beer,916,32308,2.84
2017-11,can,2651,32308,8.21
2017-11,bag,547,32308,1.69
2017-11,aluminum,110,32308,0.34
2017-11,energydrink,1351,32308,4.18
2017-11,candy,951,32308,2.94
2017-12,energydrink,824,29947,2.75
2017-12,redbull,437,29947,1.46
2017-12,can,1642,29947,5.48
2017-12,wrapper,1351,29947,4.51
2017-12,aluminum,178,29947,0.59
2017-12,cigarette,646,29947,2.16
2017-12,mcdonalds,168,29947,0.56
2017-12,bottle,1051,29947,3.51
2017-12,candy,1055,29947,3.52
2017-12,plastic,5852,29947,19.54
2017-12,paper,687,29947,2.29
2017-12,metal,1100,29947,3.67
2017-12,piece,478,29947,1.6
2017-12,knetterbal,15,29947,0.05
2017-12,antaflu,928,29947,3.1
2017-12,drink,179,29947,0.6
2017-12,firework,225,29947,0.75
2017-12,cup,248,29947,0.83
2017-12,beer,972,29947,3.25
2017-12,bag,482,29947,1.61
2018-01,piece,506,42047,1.2
2018-01,plastic,9550,42047,22.71
2018-01,knetterbal,1189,42047,2.83
2018-01,energydrink,980,42047,2.33
2018-01,candy,1287,42047,3.06
2018-01,beer,941,42047,2.24
2018-01,drink,220,42047,0.52
2018-01,metal,1361,42047,3.24
2018-01,antaflu,1532,42047,3.64
2018-01,paper,932,42047,2.22
2018-01,mcdonalds,129,42047,0.31
2018-01,bottle,1369,42047,3.26
2018-01,cup,349,42047,0.83
2018-01,redbull,525,42047,1.25
2018-01,firework,2157,42047,5.13
2018-01,bag,506,42047,1.2
2018-01,wrapper,1912,42047,4.55
2018-01,can,2203,42047,5.24
2018-01,cigarette,616,42047,1.47
2018-01,aluminum,202,42047,0.48
2018-02,beer,457,31311,1.46
2018-02,antaflu,1200,31311,3.83
2018-02,redbull,388,31311,1.24
2018-02,aluminum,142,31311,0.45
2018-02,drink,133,31311,0.42
2018-02,metal,890,31311,2.84
2018-02,can,1580,31311,5.05
2018-02,cup,402,31311,1.28
2018-02,cigarette,449,31311,1.43
2018-02,piece,414,31311,1.32
2018-02,mcdonalds,230,31311,0.73
2018-02,knetterbal,248,31311,0.79
2018-02,energydrink,693,31311,2.21
2018-02,wrapper,1602,31311,5.12
2018-02,bag,420,31311,1.34
2018-02,paper,850,31311,2.71
2018-02,firework,583,31311,1.86
2018-02,candy,1030,31311,3.29
2018-02,bottle,854,31311,2.73
2018-02,plastic,7437,31311,23.75
2018-03,antaflu,1326,43146,3.07
2018-03,bottle,992,43146,2.3
2018-03,cigarette,994,43146,2.3
2018-03,mcdonalds,166,43146,0.38
2018-03,redbull,543,43146,1.26
2018-03,beer,736,43146,1.71
2018-03,bag,722,43146,1.67
2018-03,can,2295,43146,5.32
2018-03,plastic,9927,43146,23.01
2018-03,aluminum,284,43146,0.66
2018-03,firework,648,43146,1.5
2018-03,drink,101,43146,0.23
2018-03,energydrink,865,43146,2
2018-03,metal,1247,43146,2.89
2018-03,candy,1396,43146,3.24
2018-03,knetterbal,274,43146,0.64
2018-03,wrapper,2473,43146,5.73
2018-03,piece,774,43146,1.79
2018-03,cup,359,43146,0.83
2018-03,paper,1164,43146,2.7
2018-04,metal,1755,76130,2.31
2018-04,mcdonalds,842,76130,1.11
2018-04,knetterbal,245,76130,0.32
2018-04,energydrink,856,76130,1.12
2018-04,antaflu,1634,76130,2.15
2018-04,drink,223,76130,0.29
2018-04,firework,944,76130,1.24
2018-04,cigarette,1410,76130,1.85
2018-04,bottle,1183,76130,1.55
2018-04,bag,2067,76130,2.72
2018-04,cup,821,76130,1.08
2018-04,plastic,18483,76130,24.28
2018-04,paper,3176,76130,4.17
2018-04,piece,3171,76130,4.17
2018-04,aluminum,579,76130,0.76
2018-04,candy,2827,76130,3.71
2018-04,can,2559,76130,3.36
2018-04,beer,693,76130,0.91
2018-04,redbull,579,76130,0.76
2018-04,wrapper,5576,76130,7.32
2018-05,antaflu,669,76915,0.87
2018-05,firework,345,76915,0.45
2018-05,aluminum,447,76915,0.58
2018-05,cigarette,1647,76915,2.14
2018-05,wrapper,4283,76915,5.57
2018-05,drink,736,76915,0.96
2018-05,knetterbal,71,76915,0.09
2018-05,piece,2800,76915,3.64
2018-05,metal,2404,76915,3.13
2018-05,can,2990,76915,3.89
2018-05,bottle,1426,76915,1.85
2018-05,plastic,16774,76915,21.81
2018-05,cup,740,76915,0.96
2018-05,paper,4545,76915,5.91
2018-05,redbull,677,76915,0.88
2018-05,mcdonalds,572,76915,0.74
2018-05,beer,796,76915,1.03
2018-05,energydrink,805,76915,1.05
2018-05,bag,1751,76915,2.28
2018-05,candy,2023,76915,2.63
2018-06,candy,2232,87064,2.56
2018-06,redbull,995,87064,1.14
2018-06,antaflu,728,87064,0.84
2018-06,aluminum,983,87064,1.13
2018-06,energydrink,1058,87064,1.22
2018-06,metal,3102,87064,3.56
2018-06,firework,176,87064,0.2
2018-06,wrapper,5392,87064,6.19
2018-06,can,4299,87064,4.94
2018-06,bag,1775,87064,2.04
2018-06,mcdonalds,613,87064,0.7
2018-06,cigarette,2315,87064,2.66
2018-06,paper,4682,87064,5.38
2018-06,drink,502,87064,0.58
2018-06,cup,960,87064,1.1
2018-06,beer,1259,87064,1.45
2018-06,piece,2808,87064,3.23
2018-06,knetterbal,39,87064,0.04
2018-06,bottle,2195,87064,2.52
2018-06,plastic,19070,87064,21.9
2018-07,redbull,990,92951,1.07
2018-07,bottle,2283,92951,2.46
2018-07,paper,5206,92951,5.6
2018-07,cigarette,1798,92951,1.93
2018-07,mcdonalds,449,92951,0.48
2018-07,knetterbal,36,92951,0.04
2018-07,candy,2324,92951,2.5
2018-07,aluminum,793,92951,0.85
2018-07,can,4840,92951,5.21
2018-07,energydrink,1235,92951,1.33
2018-07,antaflu,833,92951,0.9
2018-07,cup,1106,92951,1.19
2018-07,plastic,21539,92951,23.17
2018-07,beer,1415,92951,1.52
2018-07,wrapper,5885,92951,6.33
2018-07,bag,2090,92951,2.25
2018-07,firework,77,92951,0.08
2018-07,metal,3252,92951,3.5
2018-07,piece,2631,92951,2.83
2018-07,drink,535,92951,0.58
2018-08,firework,86,78736,0.11
2018-08,piece,410,78736,0.52
2018-08,can,5340,78736,6.78
2018-08,cigarette,2695,78736,3.42
2018-08,beer,1299,78736,1.65
2018-08,cup,880,78736,1.12
2018-08,candy,1482,78736,1.88
2018-08,knetterbal,22,78736,0.03
2018-08,wrapper,3998,78736,5.08
2018-08,drink,1272,78736,1.62
2018-08,plastic,18221,78736,23.14
2018-08,aluminum,712,78736,0.9
2018-08,mcdonalds,675,78736,0.86
2018-08,energydrink,960,78736,1.22
2018-08,redbull,1113,78736,1.41
2018-08,bag,959,78736,1.22
2018-08,paper,3696,78736,4.69
2018-08,bottle,2158,78736,2.74
2018-08,metal,3501,78736,4.45
2018-08,antaflu,636,78736,0.81
2018-09,bottle,5045,191708,2.63
2018-09,aluminum,3189,191708,1.66
2018-09,firework,79,191708,0.04
2018-09,piece,1844,191708,0.96
2018-09,energydrink,1508,191708,0.79
2018-09,beer,2257,191708,1.18
2018-09,metal,5888,191708,3.07
2018-09,can,11647,191708,6.08
2018-09,paper,11238,191708,5.86
2018-09,plastic,42591,191708,22.22
2018-09,mcdonalds,1958,191708,1.02
2018-09,cigarette,12281,191708,6.41
2018-09,wrapper,9188,191708,4.79
2018-09,candy,2885,191708,1.5
2018-09,bag,2510,191708,1.31
2018-09,redbull,2345,191708,1.22
2018-09,antaflu,924,191708,0.48
2018-09,cup,2206,191708,1.15
2018-09,drink,2596,191708,1.35
2018-09,knetterbal,13,191708,0.01
2018-10,metal,4028,114707,3.51
2018-10,beer,1683,114707,1.47
2018-10,piece,1340,114707,1.17
2018-10,cup,1191,114707,1.04
2018-10,plastic,23014,114707,20.06
2018-10,redbull,1377,114707,1.2
2018-10,cigarette,6262,114707,5.46
2018-10,energydrink,1287,114707,1.12
2018-10,firework,111,114707,0.1
2018-10,mcdonalds,823,114707,0.72
2018-10,paper,5296,114707,4.62
2018-10,knetterbal,57,114707,0.05
2018-10,can,7123,114707,6.21
2018-10,drink,1604,114707,1.4
2018-10,aluminum,1304,114707,1.14
2018-10,bottle,2929,114707,2.55
2018-10,candy,1887,114707,1.65
2018-10,bag,1704,114707,1.49
2018-10,antaflu,495,114707,0.43
2018-10,wrapper,4915,114707,4.28
2018-11,knetterbal,57,104277,0.05
2018-11,cup,1327,104277,1.27
2018-11,can,6670,104277,6.4
2018-11,candy,1806,104277,1.73
2018-11,metal,4312,104277,4.14
2018-11,drink,1580,104277,1.52
2018-11,wrapper,4409,104277,4.23
2018-11,energydrink,1305,104277,1.25
2018-11,firework,101,104277,0.1
2018-11,piece,626,104277,0.6
2018-11,paper,4584,104277,4.4
2018-11,aluminum,1224,104277,1.17
2018-11,beer,1937,104277,1.86
2018-11,mcdonalds,2617,104277,2.51
2018-11,antaflu,459,104277,0.44
2018-11,bottle,2574,104277,2.47
2018-11,redbull,1515,104277,1.45
2018-11,cigarette,3608,104277,3.46
2018-11,plastic,21291,104277,20.42
2018-11,bag,1543,104277,1.48
2018-12,energydrink,1178,96656,1.22
2018-12,candy,1637,96656,1.69
2018-12,piece,346,96656,0.36
2018-12,knetterbal,3829,96656,3.96
2018-12,can,6462,96656,6.69
2018-12,cigarette,1345,96656,1.39
2018-12,mcdonalds,1607,96656,1.66
2018-12,drink,1847,96656,1.91
2018-12,cup,1042,96656,1.08
2018-12,bottle,2435,96656,2.52
2018-12,antaflu,600,96656,0.62
2018-12,beer,1562,96656,1.62
2018-12,paper,3636,96656,3.76
2018-12,redbull,1479,96656,1.53
2018-12,aluminum,1539,96656,1.59
2018-12,firework,3773,96656,3.9
2018-12,metal,3787,96656,3.92
2018-12,plastic,21573,96656,22.32
2018-12,wrapper,3776,96656,3.91
2018-12,bag,1099,96656,1.14
2019-01,mcdonalds,743,97612,0.76
2019-01,paper,4193,97612,4.3
2019-01,cup,1041,97612,1.07
2019-01,metal,3868,97612,3.96
2019-01,aluminum,1549,97612,1.59
2019-01,piece,1661,97612,1.7
2019-01,cigarette,2410,97612,2.47
2019-01,bottle,2039,97612,2.09
2019-01,antaflu,656,97612,0.67
2019-01,redbull,1289,97612,1.32
2019-01,wrapper,4765,97612,4.88
2019-01,plastic,22301,97612,22.85
2019-01,bag,1397,97612,1.43
2019-01,can,5540,97612,5.68
2019-01,drink,1196,97612,1.23
2019-01,candy,1964,97612,2.01
2019-01,energydrink,1310,97612,1.34
2019-01,beer,1264,97612,1.29
2019-01,firework,2538,97612,2.6
2019-01,knetterbal,2000,97612,2.05
2019-02,bag,1581,109530,1.44
2019-02,energydrink,1330,109530,1.21
2019-02,can,6043,109530,5.52
2019-02,cigarette,1639,109530,1.5
2019-02,wrapper,5237,109530,4.78
2019-02,antaflu,702,109530,0.64
2019-02,paper,5290,109530,4.83
2019-02,knetterbal,1676,109530,1.53
2019-02,redbull,1476,109530,1.35
2019-02,drink,1259,109530,1.15
2019-02,metal,3981,109530,3.63
2019-02,beer,1369,109530,1.25
2019-02,aluminum,1612,109530,1.47
2019-02,piece,2325,109530,2.12
2019-02,cup,1345,109530,1.23
2019-02,bottle,2307,109530,2.11
2019-02,firework,2483,109530,2.27
2019-02,plastic,25224,109530,23.03
2019-02,candy,1842,109530,1.68
2019-02,mcdonalds,1149,109530,1.05
2019-03,cup,1625,162435,1
2019-03,metal,6271,162435,3.86
2019-03,can,9331,162435,5.74
2019-03,bottle,3529,162435,2.17
2019-03,wrapper,7660,162435,4.72
2019-03,redbull,2200,162435,1.35
2019-03,drink,1800,162435,1.11
2019-03,antaflu,1012,162435,0.62
2019-03,mcdonalds,1215,162435,0.75
2019-03,firework,4399,162435,2.71
2019-03,beer,2211,162435,1.36
2019-03,cigarette,4111,162435,2.53
2019-03,energydrink,2301,162435,1.42
2019-03,bag,2283,162435,1.41
2019-03,plastic,35939,162435,22.13
2019-03,knetterbal,3401,162435,2.09
2019-03,paper,7185,162435,4.42
2019-03,candy,2922,162435,1.8
2019-03,piece,3472,162435,2.14
2019-03,aluminum,2243,162435,1.38
2019-04,cup,1667,155031,1.08
2019-04,cigarette,3148,155031,2.03
2019-04,can,9134,155031,5.89
2019-04,metal,6175,155031,3.98
2019-04,bag,2048,155031,1.32
2019-04,drink,1847,155031,1.19
2019-04,antaflu,987,155031,0.64
2019-04,bottle,3174,155031,2.05
2019-04,wrapper,7373,155031,4.76
2019-04,energydrink,2220,155031,1.43
2019-04,beer,1825,155031,1.18
2019-04,aluminum,2349,155031,1.52
2019-04,candy,2857,155031,1.84
2019-04,piece,3098,155031,2
2019-04,mcdonalds,1319,155031,0.85
2019-04,redbull,2166,155031,1.4
2019-04,firework,3285,155031,2.12
2019-04,plastic,34347,155031,22.15
2019-04,knetterbal,2894,155031,1.87
2019-04,paper,7290,155031,4.7
2019-05,metal,5946,144595,4.11
2019-05,beer,1909,144595,1.32
2019-05,can,8696,144595,6.01
2019-05,bag,2109,144595,1.46
2019-05,knetterbal,1728,144595,1.2
2019-05,mcdonalds,1270,144595,0.88
2019-05,piece,2501,144595,1.73
2019-05,energydrink,2018,144595,1.4
2019-05,drink,1824,144595,1.26
2019-05,bottle,3154,144595,2.18
2019-05,plastic,31750,144595,21.96
2019-05,antaflu,919,144595,0.64
2019-05,aluminum,2229,144595,1.54
2019-05,redbull,2038,144595,1.41
2019-05,firework,1848,144595,1.28
2019-05,candy,2689,144595,1.86
2019-05,cup,1716,144595,1.19
2019-05,wrapper,6783,144595,4.69
2019-05,paper,6451,144595,4.46
2019-05,cigarette,3249,144595,2.25
2019-06,plastic,27526,128441,21.43
2019-06,bottle,2488,128441,1.94
2019-06,drink,1570,128441,1.22
2019-06,energydrink,1651,128441,1.29
2019-06,redbull,1727,128441,1.34
2019-06,wrapper,6720,128441,5.23
2019-06,antaflu,737,128441,0.57
2019-06,paper,6409,128441,4.99
2019-06,bag,2285,128441,1.78
2019-06,cigarette,2728,128441,2.12
2019-06,firework,1602,128441,1.25
2019-06,cup,1593,128441,1.24
2019-06,piece,2789,128441,2.17
2019-06,candy,2337,128441,1.82
2019-06,beer,1423,128441,1.11
2019-06,knetterbal,1393,128441,1.08
2019-06,mcdonalds,2874,128441,2.24
2019-06,metal,4789,128441,3.73
2019-06,aluminum,1918,128441,1.49
2019-06,can,7301,128441,5.68
2019-07,bottle,3680,172381,2.13
2019-07,paper,7685,172381,4.46
2019-07,firework,2952,172381,1.71
2019-07,piece,3242,172381,1.88
2019-07,redbull,2377,172381,1.38
2019-07,aluminum,2732,172381,1.58
2019-07,plastic,36724,172381,21.3
2019-07,can,9983,172381,5.79
2019-07,mcdonalds,3885,172381,2.25
2019-07,cigarette,3095,172381,1.8
2019-07,knetterbal,2765,172381,1.6
2019-07,energydrink,2637,172381,1.53
2019-07,drink,2389,172381,1.39
2019-07,bag,2744,172381,1.59
2019-07,beer,2166,172381,1.26
2019-07,wrapper,8042,172381,4.67
2019-07,metal,6864,172381,3.98
2019-07,cup,2022,172381,1.17
2019-07,antaflu,1072,172381,0.62
2019-07,candy,3137,172381,1.82
2019-08,mcdonalds,2515,148156,1.7
2019-08,beer,1738,148156,1.17
2019-08,plastic,32152,148156,21.7
2019-08,can,7814,148156,5.27
2019-08,candy,2666,148156,1.8
2019-08,antaflu,1036,148156,0.7
2019-08,energydrink,1929,148156,1.3
2019-08,piece,3171,148156,2.14
2019-08,cigarette,2961,148156,2
2019-08,drink,1354,148156,0.91
2019-08,cup,1477,148156,1
2019-08,redbull,1802,148156,1.22
2019-08,knetterbal,2773,148156,1.87
2019-08,bag,2231,148156,1.51
2019-08,metal,5200,148156,3.51
2019-08,firework,3125,148156,2.11
2019-08,bottle,3031,148156,2.05
2019-08,aluminum,2246,148156,1.52
2019-08,wrapper,7184,148156,4.85
2019-08,paper,7160,148156,4.83
2019-09,plastic,52726,224598,23.48
2019-09,can,12371,224598,5.51
2019-09,wrapper,11299,224598,5.03
2019-09,paper,10635,224598,4.74
2019-09,metal,8274,224598,3.68
2019-09,piece,5191,224598,2.31
2019-09,firework,5171,224598,2.3
2019-09,knetterbal,4661,224598,2.08
2019-09,cigarette,4572,224598,2.04
2019-09,bottle,4483,224598,2
2019-09,candy,4373,224598,1.95
2019-09,aluminum,3352,224598,1.49
2019-09,bag,3236,224598,1.44
2019-09,energydrink,3033,224598,1.35
2019-09,redbull,2924,224598,1.3
2019-09,beer,2621,224598,1.17
2019-09,drink,2533,224598,1.13
2019-09,cup,2287,224598,1.02
2019-09,mcdonalds,1880,224598,0.84
2019-09,antaflu,1431,224598,0.64
2019-10,wrapper,6038,125166,4.82
2019-10,drink,1265,125166,1.01
2019-10,cigarette,2780,125166,2.22
2019-10,firework,2647,125166,2.11
2019-10,aluminum,1685,125166,1.35
2019-10,metal,4233,125166,3.38
2019-10,paper,7473,125166,5.97
2019-10,cup,1424,125166,1.14
2019-10,bottle,2203,125166,1.76
2019-10,plastic,26530,125166,21.2
2019-10,candy,2375,125166,1.9
2019-10,energydrink,1583,125166,1.26
2019-10,bag,2057,125166,1.64
2019-10,can,6183,125166,4.94
2019-10,piece,3914,125166,3.13
2019-10,mcdonalds,2952,125166,2.36
2019-10,knetterbal,1718,125166,1.37
2019-10,redbull,1508,125166,1.2
2019-10,beer,1390,125166,1.11
2019-10,antaflu,739,125166,0.59
2019-11,cup,1328,115583,1.15
2019-11,plastic,25823,115583,22.34
2019-11,knetterbal,1561,115583,1.35
2019-11,beer,1363,115583,1.18
2019-11,mcdonalds,1185,115583,1.03
2019-11,aluminum,1992,115583,1.72
2019-11,can,6570,115583,5.68
2019-11,piece,2662,115583,2.3
2019-11,metal,4556,115583,3.94
2019-11,paper,5490,115583,4.75
2019-11,energydrink,1475,115583,1.28
2019-11,redbull,1547,115583,1.34
2019-11,drink,1483,115583,1.28
2019-11,bottle,2519,115583,2.18
2019-11,antaflu,741,115583,0.64
2019-11,cigarette,2283,115583,1.98
2019-11,firework,1859,115583,1.61
2019-11,candy,2173,115583,1.88
2019-11,bag,1891,115583,1.64
2019-11,wrapper,5713,115583,4.94
2019-12,wrapper,6101,128078,4.76
2019-12,firework,1944,128078,1.52
2019-12,paper,6475,128078,5.06
2019-12,cigarette,2722,128078,2.13
2019-12,knetterbal,1821,128078,1.42
2019-12,beer,1500,128078,1.17
2019-12,metal,4575,128078,3.57
2019-12,drink,1418,128078,1.11
2019-12,aluminum,2071,128078,1.62
2019-12,candy,2501,128078,1.95
2019-12,plastic,27650,128078,21.59
2019-12,bag,2037,128078,1.59
2019-12,energydrink,1808,128078,1.41
2019-12,redbull,1675,128078,1.31
2019-12,antaflu,965,128078,0.75
2019-12,cup,1767,128078,1.38
2019-12,piece,1967,128078,1.54
2019-12,can,6975,128078,5.45
2019-12,mcdonalds,1773,128078,1.38
2019-12,bottle,2381,128078,1.86
